Fund Name	P1	P2	P3	P4,P1,P2,P3,P4,Topsis Score,Rank
M1,0.79,0.62,1.25,60.89,0.4008913108902047,3
M2,0.66,0.44,2.89,63.07,0.5461372343580707,1
M3,0.56,0.31,1.57,62.87,0.1288370424148275,5
M4,0.82,0.67,2.68,70.19,0.7706105932657215,2
M5,0.75,0.56,1.3,80.39,0.49431852360514905,4
